Feature,Importance
Pages per Session,0.40164760391525295
Bounce Rate,0.3689226679683902
Avg. Session Duration,0.18807541544966352
New User Ratio,0.041354312666693455
